policy,seed,count,unserved,served_pct,mean_wait,median_wait,p90_wait,p95_wait,wait_over_120_pct,mean_ride,mean_journey,bypasses,distance_floors,park_floors,door_stops,adaptive_parking_decisions,max_grouped_same_floor
fifo,101,1857,0,100.0,58.222781203388536,9.777185042541532,36.18137614995578,260.14421446910814,8.34679590737749,97.57106658022661,155.79384778361515,0,18178.0,0.0,3046,0,0
fifo,202,1829,0,100.0,117.08826719084664,10.520987462012272,453.2085390611813,685.0812466488466,13.88737014762165,111.55592135052126,228.64418854136792,0,18506.0,0.0,3021,0,0
fifo,303,1847,0,100.0,69.97813090412771,10.419999999998254,96.91132376320907,275.90809337536774,9.474824038982133,136.09778617570112,206.07591707982888,0,19010.0,0.0,3087,0,0
fifo,404,1850,0,100.0,68.72442352881018,9.553532075235125,98.82012853586694,343.7327100929188,9.45945945945946,103.59935129993958,172.32377482874978,0,18018.0,0.0,3049,0,0
fifo,505,1853,0,100.0,118.72303445445843,10.662161845139053,401.63246447374905,693.4830159199021,13.815434430652996,120.87070379134971,239.5937382458082,0,18836.0,0.0,3076,0,0
fifo,606,1891,0,100.0,71.59779233540111,9.890551880991552,60.143306421294255,399.4245633263399,9.254362771020624,98.50759151922374,170.10538385462485,0,18416.0,0.0,3105,0,0
fifo,707,1832,0,100.0,135.29124872340236,11.003463097262284,563.399635162115,764.9107228299933,14.792576419213974,115.83868402876513,251.12993275216746,0,18510.0,0.0,3031,0,0
fifo,808,1834,0,100.0,126.02662592560202,10.419999999998254,476.9256070562136,719.494953480271,13.849509269356597,115.36312710148582,241.38975302708778,0,18842.0,0.0,3053,0,0
optimal,101,1857,0,100.0,11.294801347116511,10.419999999998254,20.9800000000032,25.898516001865207,0.0,27.828429628950115,39.12323097606662,0,18102.0,982.0,3020,0,0
optimal,202,1829,0,100.0,11.22048251618982,10.230032085921266,21.36501059494913,25.827334932784286,0.0,28.79704584369938,40.0175283598892,0,17630.0,1082.0,2968,0,0
optimal,303,1847,0,100.0,11.476983719527075,10.29929467193142,22.299999999999272,26.691321949347902,0.0,27.857903120026755,39.33488683955383,0,17668.0,1191.0,2994,0,0
optimal,404,1850,0,100.0,10.650026905594245,9.099999999998545,20.979999999999563,24.025484165300437,0.0,27.96366127688401,38.61368818247826,0,17938.0,1311.0,3066,0,0
optimal,505,1853,0,100.0,11.368271999028568,10.173021683367551,21.962837922785546,26.29619858241493,0.0,27.76127738876719,39.129549387795755,0,17772.0,1134.0,3023,0,0
optimal,606,1891,0,100.0,11.242821871881535,10.108034747754573,22.093713905778714,25.793443906106404,0.0,27.70066568251441,38.943487554395944,0,18136.0,1003.0,3081,0,0
optimal,707,1832,0,100.0,11.190349330893723,9.10000000000582,22.299851201609272,26.917043021987773,0.0,28.214488501180185,39.40483783207391,0,17516.0,1227.0,2963,0,0
optimal,808,1834,0,100.0,11.318571184339234,9.578979239686305,22.299999999999272,26.815961750134175,0.0,28.44506304537061,39.763634229709844,0,17358.0,1197.0,2936,0,0
adaptive,101,1857,0,100.0,11.237022416361173,9.988409705511003,20.9800000000032,25.898516001865207,0.0,27.85571679264124,39.09273920900241,0,18066.0,1141.0,3015,358,2
adaptive,202,1829,0,100.0,11.050379867617872,9.275774910558539,21.41118067597272,25.788417853716954,0.0,28.72980418996827,39.78018405758613,0,17664.0,1346.0,2971,456,1
adaptive,303,1847,0,100.0,11.290022379266,9.60628273198381,22.114662744812087,26.261046311075184,0.0,28.359821198558237,39.649843577824235,0,17650.0,1414.0,3012,354,2
adaptive,404,1850,0,100.0,10.568704347135176,9.099999999998545,20.979999999999563,23.961461866082573,0.0,27.95753867170823,38.52624301884341,0,18082.0,1659.0,3049,389,2
adaptive,505,1853,0,100.0,11.241858976964085,9.68371012780699,21.781903108113326,26.06969401549719,0.0,27.675764698359284,38.91762367532338,0,17976.0,1465.0,3034,394,1
adaptive,606,1891,0,100.0,11.08271123066727,9.104585227163625,22.093713905778714,25.793443906106404,0.0,27.683338394241233,38.766049624908504,0,18240.0,1348.0,3082,422,2
adaptive,707,1832,0,100.0,11.11206035765666,9.099999999998545,22.017866629706987,26.77809188342252,0.0,28.414100178676016,39.52616053633267,0,17666.0,1427.0,2964,325,2
adaptive,808,1834,0,100.0,11.200933219731068,9.14976761428261,22.299999999999272,27.102172559532843,0.0,28.276047474704967,39.47698069443603,0,17700.0,1556.0,2929,364,2
